Breed,2013 Rank,2014 Rank,2015 Rank,2016 Rank,2017 Rank,2018 Rank,2019 Rank,2020 Rank,links,Image,Color_Image
Retrievers (Labrador),1,1,1,1,1,1,1,1,https://www.akc.org/dog-breeds/labrador-retriever/,https://www.akc.org/wp-content/uploads/2017/11/Labrador-Retriever-illustration.jpg,https://www.akc.org/wp-content/uploads/2017/11/Labrador-Retrievers-three-colors.jpg
French Bulldogs,11,9,6,6,4,4,4,2,https://www.akc.org/dog-breeds/french-bulldog/,https://www.akc.org/wp-content/uploads/2017/11/French-Bulldog-Illo-2.jpg,https://www.akc.org/wp-content/uploads/2017/11/French-Bulldogs-standing-side-by-side-in-the-park.jpg
German Shepherd Dogs,2,2,2,2,2,2,2,3,https://www.akc.org/dog-breeds/german-shepherd-dog/,https://www.akc.org/wp-content/uploads/2017/11/German-Shepherd-Dog-Illo-2.jpg,https://www.akc.org/wp-content/uploads/2017/11/German-Shepherd-Dog-running.jpg
Retrievers (Golden),3,3,3,3,3,3,3,4,https://www.akc.org/dog-breeds/golden-retriever/,https://www.akc.org/wp-content/uploads/2017/11/Golden-Retriever-Illo-2.jpg,https://www.akc.org/wp-content/uploads/2017/11/Golden-Retriever-standing-outdoors.jpg
Bulldogs,5,4,4,4,5,5,5,5,https://www.akc.org/dog-breeds/bulldog/,https://www.akc.org/wp-content/uploads/2017/11/Bulldog-Illo-2.jpg,https://www.akc.org/wp-content/uploads/2017/11/bulldog-on-skateboard-grinning.jpg
Poodles,8,7,8,7,7,7,6,6,https://www.akc.org/dog-breeds/poodle-standard/,https://www.akc.org/wp-content/uploads/2017/11/Standard-Poodle-illustration.jpg,https://www.akc.org/wp-content/uploads/2019/07/Miniature-Poodle-head-portrait-outdoors.jpg
Beagles,4,5,5,5,6,6,7,7,https://www.akc.org/dog-breeds/beagle/,https://www.akc.org/wp-content/uploads/2017/11/Beagle-Illo-2.jpg,https://www.akc.org/wp-content/uploads/2017/11/Beagles-standing-in-a-frosty-field-on-a-cold-morning.jpg
Rottweilers,9,10,9,8,8,8,8,8,https://www.akc.org/dog-breeds/rottweiler/,https://www.akc.org/wp-content/uploads/2017/11/Rottweiler-Illo-2.jpg,https://www.akc.org/wp-content/uploads/2017/11/Rottweiler-lying-on-a-park-bench.jpg
Pointers (German Shorthaired),13,12,11,11,10,9,9,9,https://www.akc.org/dog-breeds/german-shorthaired-pointer/,https://www.akc.org/wp-content/uploads/2017/11/German-Shorthaired-Pointer-Illo-2.jpg,https://www.akc.org/wp-content/uploads/2017/11/German-Shorthaired-Pointer-on-point-1.jpg
Dachshunds,10,11,13,13,13,12,11,10,https://www.akc.org/dog-breeds/dachshund/,https://www.akc.org/wp-content/uploads/2017/11/Dachshund-Illo-2.jpg,https://www.akc.org/wp-content/uploads/2017/11/Dachshunds-retrieving-the-same-large-stick-outdoors.jpg
Pembroke Welsh Corgis,24,22,20,18,15,13,10,11,https://www.akc.org/dog-breeds/pembroke-welsh-corgi/,https://www.akc.org/wp-content/uploads/2017/11/Pembroke-Welsh-Corgi-Illo-2.jpg,https://www.akc.org/wp-content/uploads/2017/11/Pembroke-Welsh-Corgis-side-by-side-outdoors.jpg
Australian Shepherds,20,18,17,16,17,15,13,12,https://www.akc.org/dog-breeds/australian-shepherd/,https://www.akc.org/wp-content/uploads/2017/11/Australian-Shepherd-Illo-2.jpg,https://www.akc.org/wp-content/uploads/2017/11/Australian-Shepherd.1.jpg
Yorkshire Terriers,6,6,7,9,9,10,12,13,https://www.akc.org/dog-breeds/yorkshire-terrier/,https://www.akc.org/wp-content/uploads/2017/11/Yorkshire-Terrier-Illo-2.jpg,https://www.akc.org/wp-content/uploads/2017/11/Yorkshire-Terrier-running.jpg
Boxers,7,8,10,10,11,11,14,14,https://www.akc.org/dog-breeds/boxer/,https://www.akc.org/wp-content/uploads/2017/11/Boxer-Illo-2.jpg,https://www.akc.org/wp-content/uploads/2017/11/Boxer.1.jpg
Great Danes,16,15,15,14,14,16,17,15,https://www.akc.org/dog-breeds/great-dane/,https://www.akc.org/wp-content/uploads/2017/11/Great-Dane-Illo-2.jpg,https://www.akc.org/wp-content/uploads/2017/11/Senior-Great-Danes-laying-down-in-the-yard.jpg
Siberian Huskies,14,13,12,12,12,14,15,16,https://www.akc.org/dog-breeds/siberian-husky/,https://www.akc.org/wp-content/uploads/2017/11/Siberian-Husky-Illo.jpg,https://www.akc.org/wp-content/uploads/2017/11/Siberian-Huskies-together-outdoors-in-the-winter.jpg
Cavalier King Charles Spaniels,18,19,18,19,19,18,16,17,https://www.akc.org/dog-breeds/cavalier-king-charles-spaniel/,https://www.akc.org/wp-content/uploads/2017/11/Cavalier-King-Charles-Spaniel-illo-2.jpg,https://www.akc.org/wp-content/uploads/2017/11/Cavalier-King-Charles-Spaniel-standing-in-the-grass.jpg
Doberman Pinschers,12,14,14,15,16,17,19,18,https://www.akc.org/dog-breeds/doberman-pinscher/,https://www.akc.org/wp-content/uploads/2017/11/Doberman-Pinscher-illustration.jpg,https://www.akc.org/wp-content/uploads/2017/11/Doberman-Pinschers-sitting-together-on-the-beach.jpg
Miniature Schnauzers,17,16,16,17,18,19,18,19,https://www.akc.org/dog-breeds/miniature-schnauzer/,https://www.akc.org/wp-content/uploads/2017/11/Miniature-Schnauzer-Illo-2.jpg,https://www.akc.org/wp-content/uploads/2017/11/Miniature-Schnauzer-standing-outdoors.jpg
Shih Tzu,15,17,19,20,20,20,20,20,https://www.akc.org/dog-breeds/shih-tzu/,https://www.akc.org/wp-content/uploads/2017/11/Shih-Tzu-Illo-2.jpg,https://www.akc.org/wp-content/uploads/2017/11/Shih-Tzus-together-in-the-grass.jpg
Boston Terriers,23,23,22,21,21,21,21,21,https://www.akc.org/dog-breeds/boston-terrier/,https://www.akc.org/wp-content/uploads/2017/11/Boston-Terrier-Illo-2.jpg,https://www.akc.org/wp-content/uploads/2017/11/Boston-Terrier-walking-in-the-grass.jpg
Bernese Mountain Dogs,32,32,29,27,25,22,23,22,https://www.akc.org/dog-breeds/bernese-mountain-dog/,https://www.akc.org/wp-content/uploads/2017/11/Bernese-Mountain-Dog-Illo-2.jpg,https://www.akc.org/wp-content/uploads/2017/11/Bernese-Mountain-Dog-sitting-in-a-field.jpg
Pomeranians,19,20,21,22,22,23,24,23,https://www.akc.org/dog-breeds/pomeranian/,https://www.akc.org/wp-content/uploads/2017/11/Pomeranian-Illo-2.jpg,https://www.akc.org/wp-content/uploads/2017/11/Pomeranian-On-White-01.jpg
Havanese,25,25,24,23,23,24,22,24,https://www.akc.org/dog-breeds/havanese/,https://www.akc.org/wp-content/uploads/2017/11/Havanese-Illo-2.jpg,https://www.akc.org/wp-content/uploads/2017/11/Havanese-standing-outdoors.jpg
Cane Corso,50,48,35,40,37,32,30,25,https://www.akc.org/dog-breeds/cane-corso/,https://www.akc.org/wp-content/uploads/2017/11/Cane-Corso-Illo-2.jpg,https://www.akc.org/wp-content/uploads/2017/11/Cane-Corso.jpg
Spaniels (English Springer),28,28,27,26,27,27,27,26,https://www.akc.org/dog-breeds/english-springer-spaniel/,https://www.akc.org/wp-content/uploads/2017/11/English-Springer-Spaniel-Illo-2.jpg,https://www.akc.org/wp-content/uploads/2017/11/English-Springer-Spaniel-5.jpg
Shetland Sheepdogs,21,21,23,24,24,25,25,27,https://www.akc.org/dog-breeds/shetland-sheepdog/,https://www.akc.org/wp-content/uploads/2017/11/Shetland-Sheepdog-Illo-2.jpg,https://www.akc.org/wp-content/uploads/2017/11/Two-Shetland-Sheepdogs-laying-down.jpg
Brittanys,30,27,26,25,26,26,26,28,https://www.akc.org/dog-breeds/brittany/,https://www.akc.org/wp-content/uploads/2017/11/Brittany-Illo-2.jpg,https://www.akc.org/wp-content/uploads/2017/11/Brittany-running-in-the-woods-hunting.jpg
Pugs,31,33,33,32,31,28,31,29,https://www.akc.org/dog-breeds/pug/,https://www.akc.org/wp-content/uploads/2017/11/Pug-Illo-2.jpg,https://www.akc.org/wp-content/uploads/2017/11/Pug-laying-on-the-couch.jpg
Spaniels (Cocker),29,30,30,29,29,30,28,30,https://www.akc.org/dog-breeds/cocker-spaniel/,https://www.akc.org/wp-content/uploads/2017/11/Cocker-Spaniel-Illo-2.jpg,https://www.akc.org/wp-content/uploads/2017/11/Cocker-Spaniels-sitting-on-a-bench-outdoors.jpg
Miniature American Shepherds,NA,NA,NA,NA,NA,NA,NA,31,https://www.akc.org/dog-breeds/miniature-american-shepherd/,https://www.akc.org/wp-content/uploads/2017/11/Miniature-American-Shepherd-illustration.jpg,https://www.akc.org/wp-content/uploads/2017/11/Miniature-American-Shepherd-On-White-01.jpg
Border Collies,44,40,38,38,38,35,33,32,https://www.akc.org/dog-breeds/border-collie/,https://www.akc.org/wp-content/uploads/2017/11/Border-Collie-Illo-2.jpg,https://www.akc.org/wp-content/uploads/2017/11/Border-Collie-laying-down.jpg
Mastiffs,26,26,25,28,28,29,32,33,https://www.akc.org/dog-breeds/mastiff/,https://www.akc.org/wp-content/uploads/2017/11/Mastiff-Illo-2.jpg,https://www.akc.org/wp-content/uploads/2017/11/Mastiff-standing-outdoors.jpg
Chihuahuas,22,24,28,30,32,33,35,34,https://www.akc.org/dog-breeds/chihuahua/,https://www.akc.org/wp-content/uploads/2017/11/Chihuahua-Illo-2.jpg,https://www.akc.org/wp-content/uploads/2017/11/Longhaired-Chihuahuas-sitting-side-by-side.jpg
Vizslas,34,34,32,31,30,31,34,35,https://www.akc.org/dog-breeds/vizsla/,https://www.akc.org/wp-content/uploads/2017/11/Vizsla-Illo-2.jpg,https://www.akc.org/wp-content/uploads/2017/11/Vizsla-standing-on-a-snow-covered-path-through-the-woods.jpg
Basset Hounds,42,42,39,39,39,39,37,36,https://www.akc.org/dog-breeds/basset-hound/,https://www.akc.org/wp-content/uploads/2017/11/Basset-Hound-Illo-2.jpg,https://www.akc.org/wp-content/uploads/2017/11/Basset-Hound-standing-in-the-garden.jpg
Belgian Malinois,60,60,51,47,44,43,41,37,https://www.akc.org/dog-breeds/belgian-malinois/,https://www.akc.org/wp-content/uploads/2017/11/Belgian-Malinois-Illo-2.jpg,https://www.akc.org/wp-content/uploads/2017/11/Belgian-Malinois.1.jpg
Maltese,27,29,31,33,33,37,36,38,https://www.akc.org/dog-breeds/maltese/,https://www.akc.org/wp-content/uploads/2017/11/Maltese-Illo-2.jpg,https://www.akc.org/wp-content/uploads/2017/11/Maltese-sitting-side-by-side-on-a-bench-in-the-park.jpg
Weimaraners,33,35,34,34,34,36,39,39,https://www.akc.org/dog-breeds/weimaraner/,https://www.akc.org/wp-content/uploads/2017/11/Weimaraner-Illo.jpg,https://www.akc.org/wp-content/uploads/2017/11/Weimaraner-standing-in-the-grass.jpg
Collies,35,36,36,37,40,38,38,40,https://www.akc.org/dog-breeds/collie/,https://www.akc.org/wp-content/uploads/2017/11/Collie-Illo-2.jpg,https://www.akc.org/wp-content/uploads/2017/11/Collie-standing-in-a-field.jpg
Newfoundlands,37,37,37,35,36,40,40,41,https://www.akc.org/dog-breeds/newfoundland/,https://www.akc.org/wp-content/uploads/2017/11/Newfoundland-Illo-2.jpg,https://www.akc.org/wp-content/uploads/2017/11/Newfoundland-standing-outdoors.jpg
Rhodesian Ridgebacks,39,39,40,42,41,41,42,42,https://www.akc.org/dog-breeds/rhodesian-ridgeback/,https://www.akc.org/wp-content/uploads/2017/11/Rhodesian-Ridgeback-Illo-2.jpg,https://www.akc.org/wp-content/uploads/2017/11/Rhodesian-Ridgeback-standing-in-profile-in-a-field.jpg
Shiba Inu,46,47,45,44,45,44,45,43,https://www.akc.org/dog-breeds/shiba-inu/,https://www.akc.org/wp-content/uploads/2017/11/Shiba-Inu-Illo-2.jpg,https://www.akc.org/wp-content/uploads/2017/11/Shiba-Inu-standing-in-profile-outdoors.jpg
West Highland White Terriers,36,38,41,41,42,42,44,44,https://www.akc.org/dog-breeds/west-highland-white-terrier/,https://www.akc.org/wp-content/uploads/2017/11/West-Highland-White-Terrier-Illo-2.jpg,https://www.akc.org/wp-content/uploads/2017/11/Westie.jpg
Bichons Frises,40,44,44,45,46,46,43,45,https://www.akc.org/dog-breeds/bichon-frise/,https://www.akc.org/wp-content/uploads/2017/11/Bichon-Frise-Illo-2.jpg,https://www.akc.org/wp-content/uploads/2017/11/Bichon-Frise-standing-on-a-stone-step-in-the-fall.jpg
Bloodhounds,48,50,49,52,50,49,51,46,https://www.akc.org/dog-breeds/bloodhound/,https://www.akc.org/wp-content/uploads/2017/11/Bloodhound-Illo-2.jpg,https://www.akc.org/wp-content/uploads/2017/11/Group-of-Bloodhounds-sniffing-the-ground.jpg
Spaniels (English Cocker),62,62,60,56,52,52,50,47,https://www.akc.org/dog-breeds/english-cocker-spaniel/,https://www.akc.org/wp-content/uploads/2017/11/English-Cocker-Spaniel-illustration.jpg,https://www.akc.org/wp-content/uploads/2017/11/English-Cocker-Spaniel-Slide03.jpg
Akitas,45,46,46,46,47,47,47,48,https://www.akc.org/dog-breeds/akita/,https://s3.amazonaws.com/cdn-origin-etr.akc.org/wp-content/uploads/2017/11/06155318/Akita-illustration.jpg,https://www.akc.org/wp-content/uploads/2017/11/Akita-head-portrait-outdoors1.jpg
Portuguese Water Dogs,49,52,52,51,54,50,49,49,https://www.akc.org/dog-breeds/portuguese-water-dog/,https://www.akc.org/wp-content/uploads/2017/11/Portuguese-Water-Dog-Illo-2.jpg,https://www.akc.org/wp-content/uploads/2017/11/Portuguese-Water-Dog-standing-in-profile-outdoors.jpg
Retrievers (Chesapeake Bay),43,41,42,43,43,45,46,50,https://www.akc.org/dog-breeds/chesapeake-bay-retriever/,https://www.akc.org/wp-content/uploads/2017/11/Chesapeake-Bay-Retriever-Illo-2.jpg,https://www.akc.org/wp-content/uploads/2017/11/Chesapeake-Bay-Retriever-running-into-water.jpg
Dalmatians,64,66,62,62,63,56,60,51,https://www.akc.org/dog-breeds/dalmatian/,https://www.akc.org/wp-content/uploads/2017/11/Dalmatian-Illo-2.jpg,https://www.akc.org/wp-content/uploads/2017/11/IMG_9468.jpg
St. Bernards,47,51,50,49,48,48,48,52,https://www.akc.org/dog-breeds/st-bernard/,https://www.akc.org/wp-content/uploads/2017/11/Saint-Bernard-Illo-3.jpg,https://www.akc.org/wp-content/uploads/2017/11/Saint-Bernard-standing-in-profile-outdoors.jpg
Papillons,38,43,48,53,53,54,53,53,https://www.akc.org/dog-breeds/papillon/,https://www.akc.org/wp-content/uploads/2017/11/Papillon-Illo-2.jpg,https://www.akc.org/wp-content/uploads/2017/11/Papillons-sitting-outdoors-in-autumn.jpg
Australian Cattle Dogs,58,55,56,54,56,55,55,54,https://www.akc.org/dog-breeds/australian-cattle-dog/,https://www.akc.org/wp-content/uploads/2017/11/Australian-Cattle-Dog-Illo-2.jpg,https://www.akc.org/wp-content/uploads/2017/11/Australian-Cattle-Dog-laying-down-in-the-grass.jpg
Bullmastiffs,41,45,43,48,51,51,52,55,https://www.akc.org/dog-breeds/bullmastiff/,https://www.akc.org/wp-content/uploads/2017/11/Bullmastiff-Illo-2.jpg,https://www.akc.org/wp-content/uploads/2017/11/Bullmastiff-standing-in-a-field.jpg
Samoyeds,67,68,61,65,57,59,59,56,https://www.akc.org/dog-breeds/samoyed/,https://www.akc.org/wp-content/uploads/2017/11/Samoyed-illo.jpg,https://www.akc.org/wp-content/uploads/2017/11/Samoyed-standing-in-the-forest.jpg
Scottish Terriers,55,59,58,58,58,57,57,57,https://www.akc.org/dog-breeds/scottish-terrier/,https://www.akc.org/wp-content/uploads/2017/11/Scottish-Terrier-Illo-2.jpg,https://www.akc.org/wp-content/uploads/2017/11/Scottish-Terrier-On-White-04.jpg
Soft Coated Wheaten Terriers,51,49,47,50,49,53,54,58,https://www.akc.org/dog-breeds/soft-coated-wheaten-terrier/,https://www.akc.org/wp-content/uploads/2017/11/Soft-Coated-Wheaten-Terrier-Illo.jpg,https://www.akc.org/wp-content/uploads/2017/11/Soft-Coated-Wheaten-Terriers-together-in-the-grass.jpg
Whippets,59,56,57,60,61,61,58,59,https://www.akc.org/dog-breeds/whippet/,https://www.akc.org/wp-content/uploads/2017/11/Whippet-Illo-2.jpg,https://www.akc.org/wp-content/uploads/2017/11/Whippet-standing-in-the-woods.jpg
Pointers (German Wirehaired),71,71,68,64,62,63,64,60,https://www.akc.org/dog-breeds/german-wirehaired-pointer/,https://www.akc.org/wp-content/uploads/2017/11/German-Wirehaired-Pointer-Illo-2.jpg,https://www.akc.org/wp-content/uploads/2017/11/German-Wirehaired-Pointer-standing-in-a-green-grassy-field.jpg
Chinese Shar-Pei,54,58,59,61,64,64,66,61,https://www.akc.org/dog-breeds/chinese-shar-pei/,https://www.akc.org/wp-content/uploads/2017/11/Chinese-Shar-Pei-Illo-2.jpg,https://www.akc.org/wp-content/uploads/2017/11/Chinese-Shar-Pei-running.20200208224754968.jpg
Airedale Terriers,56,57,53,55,55,60,61,62,https://www.akc.org/dog-breeds/airedale-terrier/,https://www.akc.org/wp-content/uploads/2017/11/Airedale-Terrier-illustration.jpg,https://www.akc.org/wp-content/uploads/2017/11/Airedale-Terriers-together-in-the-grass.jpg
Wirehaired Pointing Griffons,80,76,66,66,65,65,63,63,https://www.akc.org/dog-breeds/wirehaired-pointing-griffon/,https://www.akc.org/wp-content/uploads/2017/11/Wirehaired-Pointing-Griffon-Illo-2.jpg,https://www.akc.org/wp-content/uploads/2017/11/Wirehaired-Pointing-Griffon-laying-in-a-field.jpg
Bull Terriers,52,53,55,57,60,62,62,64,https://www.akc.org/dog-breeds/bull-terrier/,https://www.akc.org/wp-content/uploads/2017/11/Bull-Terrrier-Illo.jpg,https://www.akc.org/wp-content/uploads/2017/11/bull-terrier-on-white-10.jpg
Alaskan Malamutes,57,54,54,59,59,58,65,65,https://www.akc.org/dog-breeds/alaskan-malamute/,https://s3.amazonaws.com/cdn-origin-etr.akc.org/wp-content/uploads/2017/11/09152345/Alaskan-Malamute-illustration.jpg,https://www.akc.org/wp-content/uploads/2017/11/Alaskan-Malamute-sled-team-pulling-at-their-harness.jpg
Cardigan Welsh Corgis,75,78,76,69,68,68,67,66,https://www.akc.org/dog-breeds/cardigan-welsh-corgi/,https://www.akc.org/wp-content/uploads/2019/03/Cardigan-Welsh-Corgi-Illo-2.jpg,https://www.akc.org/wp-content/uploads/2017/11/Cardigan-Welsh-Corgi-on-White-111.jpg
Giant Schnauzers,83,83,81,79,80,78,72,67,https://www.akc.org/dog-breeds/giant-schnauzer/,https://www.akc.org/wp-content/uploads/2017/11/Giant-Schnauzer-Illo-2.jpg,https://www.akc.org/wp-content/uploads/2017/11/HDM_8647.jpg
Old English Sheepdogs,78,77,74,75,70,72,71,68,https://www.akc.org/dog-breeds/old-english-sheepdog/,https://www.akc.org/wp-content/uploads/2017/11/Old-English-Sheepdog-Illo-2.jpg,https://www.akc.org/wp-content/uploads/2017/11/Old-English-Sheepdog-head-portrait-outdoors-1.jpg
Italian Greyhounds,66,74,71,72,74,73,68,69,https://www.akc.org/dog-breeds/italian-greyhound/,https://www.akc.org/wp-content/uploads/2017/11/Italian-Greyhound-Illo-2.jpg,https://www.akc.org/wp-content/uploads/2017/11/Two-Italian-Greyhounds.jpg
Great Pyrenees,69,75,67,67,66,66,70,70,https://www.akc.org/dog-breeds/great-pyrenees/,https://www.akc.org/wp-content/uploads/2017/11/Great-Pyrenees-Illo-2.jpg,https://www.akc.org/wp-content/uploads/2017/11/Great-Pyrenees-together-in-a-field.jpg
Dogues de Bordeaux,65,63,63,63,67,67,69,71,https://www.akc.org/dog-breeds/dogue-de-bordeaux/,https://www.akc.org/wp-content/uploads/2017/11/Dogue-de-Bordeaux-Illo-2.jpg,https://www.akc.org/wp-content/uploads/2017/11/Dogue-de-Bordeaux-on-white-05.jpg
Russell Terriers,102,105,104,90,78,82,76,72,https://www.akc.org/dog-breeds/russell-terrier/,https://www.akc.org/wp-content/uploads/2017/11/Russell-Terrier-illustration.jpg,https://www.akc.org/wp-content/uploads/2017/11/Russell-Terrier-On-White-03.jpg
Cairn Terriers,61,69,70,70,69,69,73,73,https://www.akc.org/dog-breeds/cairn-terrier/,https://www.akc.org/wp-content/uploads/2017/11/Cairn-Terrier-Illo-2.jpg,https://www.akc.org/wp-content/uploads/2017/11/Cairn-Terrier-sitting-in-the-grass.jpg
Irish Wolfhounds,73,72,69,73,73,76,77,74,https://www.akc.org/dog-breeds/irish-wolfhound/,https://www.akc.org/wp-content/uploads/2017/11/Irish-Wolfhound-Illo-2.jpg,https://www.akc.org/wp-content/uploads/2017/11/Irish-Wolfhounds-standing-together-in-a-meadow.jpg
Setters (Irish),72,73,72,76,72,77,80,75,https://www.akc.org/dog-breeds/irish-setter/,https://www.akc.org/wp-content/uploads/2017/11/Irish_Setter-Illo.jpg,https://www.akc.org/wp-content/uploads/2017/11/Irish-Setter.3.jpg
Greater Swiss Mountain Dogs,74,80,78,78,75,74,74,76,https://www.akc.org/dog-breeds/greater-swiss-mountain-dog/,https://www.akc.org/wp-content/uploads/2017/11/Greater-Swiss-Mountain-Dog-Illo-2.jpg,https://www.akc.org/wp-content/uploads/2017/11/Greater-Swiss-Mountain-Dogs-together-in-the-grass.jpg
Miniature Pinschers,53,61,64,68,71,70,75,77,https://www.akc.org/dog-breeds/miniature-pinscher/,https://www.akc.org/wp-content/uploads/2017/11/Miniature-Pinscher-Illo-2.jpg,https://www.akc.org/wp-content/uploads/2017/11/Miniature-Pinscher-running-and-playing-outdoors.jpg
Lhasa Apsos,63,67,65,71,77,71,79,78,https://www.akc.org/dog-breeds/lhasa-apso/,https://www.akc.org/wp-content/uploads/2017/11/Lhasa-Apso-Illo-2.jpg,https://www.akc.org/wp-content/uploads/2017/11/Lhasa-Apsos-side-by-side-outdoors-in-the-grass.20200505221604144.jpg
Chinese Crested,68,65,75,77,79,79,81,79,https://www.akc.org/dog-breeds/chinese-crested/,https://www.akc.org/wp-content/uploads/2017/11/Chinese-Crested-Illo-2.jpg,https://www.akc.org/wp-content/uploads/2017/11/Chinese-Cresteds-head-portrait-outdoors.jpg
Coton de Tulear,NA,NA,NA,NA,NA,NA,NA,80,https://www.akc.org/dog-breeds/coton-de-tulear/,https://www.akc.org/wp-content/uploads/2017/11/Coton-de-Tulear-Illo-2.jpg,https://www.akc.org/wp-content/uploads/2017/11/Coton-de-Tulear-head-portrait.jpg
Staffordshire Bull Terriers,79,79,79,82,82,80,83,81,https://www.akc.org/dog-breeds/staffordshire-bull-terrier/,https://www.akc.org/wp-content/uploads/2017/11/Staffordshire-Bull-Terrier-Illo-2.jpg,https://www.akc.org/wp-content/uploads/2017/11/Staffordshire-Bull-Terrier-standing-outdoors.jpg
American Staffordshire Terriers,76,84,77,81,83,85,86,82,https://www.akc.org/dog-breeds/american-staffordshire-terrier/,https://www.akc.org/wp-content/uploads/2017/11/American-Staffordshire-Terrier-illustration.jpg,https://www.akc.org/wp-content/uploads/2017/11/AmStaff.01.jpg
Rat Terriers,NA,NA,NA,NA,NA,NA,NA,83,https://www.akc.org/dog-breeds/rat-terrier/,https://www.akc.org/wp-content/uploads/2017/11/Rat-Terrier-Illo-2.jpg,https://www.akc.org/wp-content/uploads/2017/11/Rat-Terrier-On-White-01.jpg
Chow Chows,70,70,73,74,76,75,78,84,https://www.akc.org/dog-breeds/chow-chow/,https://www.akc.org/wp-content/uploads/2017/11/Chow-Chow-Illo-2.jpg,https://www.akc.org/wp-content/uploads/2018/04/chow-chow-closeup-portrait-drooling.jpg
Anatolian Shepherd Dogs,93,94,92,84,86,90,96,85,https://www.akc.org/dog-breeds/anatolian-shepherd-dog/,https://www.akc.org/wp-content/uploads/2017/11/Anatolian-Shepherd-Dog-Illo-2.jpg,https://www.akc.org/wp-content/uploads/2017/11/Anatolian-Shepherd-Dog-On-White-01.jpg
Basenjis,85,86,87,88,84,87,88,86,https://www.akc.org/dog-breeds/basenji/,https://www.akc.org/wp-content/uploads/2017/11/Basenji-Illo-2.jpg,https://www.akc.org/wp-content/uploads/2017/11/Basenjis-outdoors-together.jpg
Spaniels (Boykin),121,108,107,110,98,100,90,87,https://www.akc.org/dog-breeds/boykin-spaniel/,https://www.akc.org/wp-content/uploads/2017/11/Boykin-Spaniel-Illo-2.jpg,https://www.akc.org/wp-content/uploads/2017/11/Boykin-Spaniel-holding-a-dummy-toy.jpg
Lagotti Romagnoli,NA,NA,NA,NA,NA,NA,NA,88,https://www.akc.org/dog-breeds/lagotto-romagnolo/,https://www.akc.org/wp-content/uploads/2017/11/Lagotto-Romagnolo-illustration.jpg,https://www.akc.org/wp-content/uploads/2017/11/Lagotti-leaping-into-a-lake.jpg
Brussels Griffons,84,91,95,97,94,98,98,89,https://www.akc.org/dog-breeds/brussels-griffon/,https://www.akc.org/wp-content/uploads/2017/11/Brussels-Griffon-Illo-2.jpg,https://www.akc.org/wp-content/uploads/2017/11/Brussels-Griffon-sitting-outdoors.jpg
Retrievers (Nova Scotia Duck Tolling),97,99,99,87,89,83,87,90,https://www.akc.org/dog-breeds/nova-scotia-duck-tolling-retriever/,https://www.akc.org/wp-content/uploads/2017/11/Nova-Scotia-Duck-Tolling-Retriever-Illo-2.jpg,https://www.akc.org/wp-content/uploads/2017/11/Nova-Scotia-Duck-Tolling-Retrievers-laying-down-side-by-side-outdoors-in-the-fall.jpg
Norwegian Elkhounds,103,103,88,94,91,97,94,91,https://www.akc.org/dog-breeds/norwegian-elkhound/,https://www.akc.org/wp-content/uploads/2017/11/Norwegian-Elkhound-Illo-2.jpg,https://www.akc.org/wp-content/uploads/2017/11/Norwegian-Elkhound-standing-outdoors.20200511190850171.jpg
Standard Schnauzers,90,90,91,85,90,89,99,92,https://www.akc.org/dog-breeds/standard-schnauzer/,https://www.akc.org/wp-content/uploads/2017/11/Standard-Schnauzer-illustration.jpg,https://www.akc.org/wp-content/uploads/2017/11/Standard-Schnauzer-standing-on-a-log-outdoors.jpg
Dogo Argentinos,NA,NA,NA,NA,NA,NA,NA,93,https://www.akc.org/dog-breeds/dogo-argentino/,https://www.akc.org/wp-content/uploads/2017/11/Dogo-Argentino-illustration.jpg,https://www.akc.org/wp-content/uploads/2017/11/Dogo-Argentino.jpg
Bouviers des Flandres,82,81,83,83,85,84,93,94,https://www.akc.org/dog-breeds/bouvier-des-flandres/,https://www.akc.org/wp-content/uploads/2017/11/Bouvier-des-Flandres-Illo-2.jpg,https://www.akc.org/wp-content/uploads/2017/11/Two-Bouvier-des-Flandres-together-in-the-grass.jpg
Pekingese,77,82,80,93,88,92,84,95,https://www.akc.org/dog-breeds/pekingese/,https://www.akc.org/wp-content/uploads/2017/11/Pekingese-Illo-2.jpg,https://www.akc.org/wp-content/uploads/2017/11/Pekingese-standing-in-the-grass.jpg
Keeshonden,86,87,84,92,87,95,89,96,https://www.akc.org/dog-breeds/keeshond/,https://www.akc.org/wp-content/uploads/2017/11/Keeshond-Illo-2.jpg,https://www.akc.org/wp-content/uploads/2017/11/Keeshonden-sitting-side-by-side-in-the-grass.jpg
Border Terriers,81,85,82,86,92,88,85,97,https://www.akc.org/dog-breeds/border-terrier/,https://www.akc.org/wp-content/uploads/2017/11/Border-Terrier-Illo-2.jpg,https://www.akc.org/wp-content/uploads/2017/11/Border-Terrier-running.jpg
Leonbergers,98,104,93,95,100,93,97,98,https://www.akc.org/dog-breeds/leonberger/,https://www.akc.org/wp-content/uploads/2017/11/Leonberger-illustration.jpg,https://www.akc.org/wp-content/uploads/2017/11/Leonbergers-walking-together-on-a-trail.jpg
Tibetan Terriers,88,88,90,91,101,96,103,99,https://www.akc.org/dog-breeds/tibetan-terrier/,https://www.akc.org/wp-content/uploads/2017/11/Tibetan-Terrier-Illo-2.jpg,https://www.akc.org/wp-content/uploads/2017/11/ANC2016-Conformation-Non_Sporting-Group-David-0E9A7276.jpg
Neapolitan Mastiffs,111,114,106,99,107,102,102,100,https://www.akc.org/dog-breeds/neapolitan-mastiff/,https://www.akc.org/wp-content/uploads/2017/11/Neapolitan-Mastiff-Illo-2.jpg,https://www.akc.org/wp-content/uploads/2009/01/Neapolitan-Mastiff-on-lead-standing-in-the-grass-outdoors.20190813025752970.jpg
Setters (English),91,89,96,102,95,94,100,101,https://www.akc.org/dog-breeds/english-setter/,https://www.akc.org/wp-content/uploads/2017/11/English-Setter-Illo-2.jpg,https://www.akc.org/wp-content/uploads/2017/11/English-Setters-outdoors.jpg
Retrievers (Flat-Coated),94,92,86,89,96,91,106,102,https://www.akc.org/dog-breeds/flat-coated-retriever/,https://www.akc.org/wp-content/uploads/2017/11/Flat-Coated-Retriever-Illo-2.jpg,https://www.akc.org/wp-content/uploads/2017/11/Flat-Coated-Retrievers-sitting-outdoors.jpg
Borzois,99,102,89,98,102,103,107,103,https://www.akc.org/dog-breeds/borzoi/,https://www.akc.org/wp-content/uploads/2017/11/Borzoi-Illo-2.jpg,https://www.akc.org/wp-content/uploads/2017/11/Borzoi-standing-together-outdoors.jpg
Fox Terriers (Wire),96,95,94,101,99,101,101,104,https://www.akc.org/dog-breeds/wire-fox-terrier/,https://www.akc.org/wp-content/uploads/2017/11/Wire-Fox-Terrier-illustration.jpg,https://www.akc.org/wp-content/uploads/2017/11/Wire-Fox-Terriers-together-outdoors.jpg
Miniature Bull Terriers,125,129,121,120,115,110,114,105,https://www.akc.org/dog-breeds/miniature-bull-terrier/,https://www.akc.org/wp-content/uploads/2017/11/Miniature-Bull-Terrier-Illo-2.jpg,https://www.akc.org/wp-content/uploads/2017/11/Miniature-Bull-Terrier-standing-outdoors.jpg
Belgian Tervuren,108,110,98,107,103,106,105,106,https://www.akc.org/dog-breeds/belgian-tervuren/,https://www.akc.org/wp-content/uploads/2017/11/Belgian-Tervuren-Illo-2.jpg,https://www.akc.org/wp-content/uploads/2017/11/Belgian-Tervuren.3.jpg
Setters (Gordon),105,100,105,104,104,115,115,107,https://www.akc.org/dog-breeds/gordon-setter/,https://www.akc.org/wp-content/uploads/2017/11/Gordon-Setter-illustration.jpg,https://www.akc.org/wp-content/uploads/2017/11/Gordon-Setter.3.jpg
Silky Terriers,92,101,102,100,106,112,111,108,https://www.akc.org/dog-breeds/silky-terrier/,https://www.akc.org/wp-content/uploads/2017/11/Silky-Terrier-Illo.jpg,https://www.akc.org/wp-content/uploads/2017/11/Silky-Terrier-standing-in-the-grass.jpg
Norwich Terriers,89,97,103,103,105,108,104,109,https://www.akc.org/dog-breeds/norwich-terrier/,https://www.akc.org/wp-content/uploads/2017/11/Norwich-Terrier-illustration.jpg,https://www.akc.org/wp-content/uploads/2017/11/Norwich-Terrier-standing-outdoors.jpg
Spinoni Italiani,117,118,112,105,111,109,118,110,https://www.akc.org/dog-breeds/spinone-italiano/,https://www.akc.org/wp-content/uploads/2017/11/Spinone-Italiano-Illo.jpg,https://www.akc.org/wp-content/uploads/2017/11/ANC2017-Sporting-Group-Oleg-HDM_5227.jpg
Japanese Chin,87,93,97,108,108,104,110,111,https://www.akc.org/dog-breeds/japanese-chin/,https://www.akc.org/wp-content/uploads/2017/11/Japanese-Chin-Illo-3.jpg,https://www.akc.org/wp-content/uploads/2017/11/Japanese-Chin-standing-outdoors.jpg
Welsh Terriers,104,106,108,111,109,107,112,112,https://www.akc.org/dog-breeds/welsh-terrier/,https://www.akc.org/wp-content/uploads/2017/11/Welsh-Terrier-Illo.jpg,https://www.akc.org/wp-content/uploads/2017/11/Welsh-Terrier-standing-stacked-in-the-grass.jpg
Toy Fox Terriers,107,115,110,116,112,111,109,113,https://www.akc.org/dog-breeds/toy-fox-terrier/,https://www.akc.org/wp-content/uploads/2017/11/Toy-Fox-Terrier-Illo.jpg,https://www.akc.org/wp-content/uploads/2017/11/Toy-Fox-Terrier-standing-portrait.jpg
Schipperkes,109,109,109,112,110,105,108,114,https://www.akc.org/dog-breeds/schipperke/,https://www.akc.org/wp-content/uploads/2017/11/Schipperke-Illo-2.jpg,https://www.akc.org/wp-content/uploads/2017/11/Schipperkes-together-outdoors.jpg
Parson Russell Terriers,100,116,111,109,119,117,120,115,https://www.akc.org/dog-breeds/parson-russell-terrier/,https://www.akc.org/wp-content/uploads/2017/11/Parson-Russell-Terrier-illustration.jpg,https://www.akc.org/wp-content/uploads/2017/11/Parson-Russell-Terrier-standing-in-profile-in-the-grass.jpg
Pointers,114,119,114,117,113,114,117,116,https://www.akc.org/dog-breeds/pointer/,https://www.akc.org/wp-content/uploads/2017/11/Pointer-Illo-2.jpg,https://www.akc.org/wp-content/uploads/2017/11/Pointer-standing-in-a-field.jpg
Belgian Sheepdogs,119,123,120,129,120,125,128,117,https://www.akc.org/dog-breeds/belgian-sheepdog/,https://www.akc.org/wp-content/uploads/2017/11/Belgian-Sheepdog-Illo-2.jpg,https://www.akc.org/wp-content/uploads/2017/11/Belgian-Sheepdog-running-in-a-field.jpg
Tibetan Spaniels,106,122,115,118,121,119,119,118,https://www.akc.org/dog-breeds/tibetan-spaniel/,https://www.akc.org/wp-content/uploads/2017/11/Tibetan-Spaniel-Illo.jpg,https://www.akc.org/wp-content/uploads/2017/11/Tibetan-Spaniel-laying-down-outdoors.jpg
American Eskimo Dogs,110,120,118,122,118,122,122,119,https://www.akc.org/dog-breeds/american-eskimo-dog/,https://s3.amazonaws.com/cdn-origin-etr.akc.org/wp-content/uploads/2017/11/12155349/American-Eskimo-Dog-illustration.jpg,https://www.akc.org/wp-content/uploads/2017/11/American-Eskimo-Dogs-standing-together-outdoors-in-the-grass.jpg
Irish Terriers,123,125,113,115,114,116,121,120,https://www.akc.org/dog-breeds/irish-terrier/,https://www.akc.org/wp-content/uploads/2017/11/Irish-Terrier-Illo-2.jpg,https://www.akc.org/wp-content/uploads/2017/11/Irish-Terrier-exploring-a-tree-in-the-park.jpg
Beaucerons,152,145,142,140,141,124,123,121,https://www.akc.org/dog-breeds/beauceron/,https://www.akc.org/wp-content/uploads/2017/11/Beauceron-Illo-2.jpg,https://www.akc.org/wp-content/uploads/2017/11/Beauceron-running-in-the-grass.jpg
Afghan Hounds,95,98,100,113,93,113,113,122,https://www.akc.org/dog-breeds/afghan-hound/,https://www.akc.org/wp-content/uploads/2017/11/Afghan-Hound-illustration.jpg,https://www.akc.org/wp-content/uploads/2017/11/Afghan-Hound-standing-in-a-garden.jpg
Boerboels,NA,NA,NA,NA,NA,NA,NA,123,https://www.akc.org/dog-breeds/boerboel/,https://www.akc.org/wp-content/uploads/2017/11/Boerboel-Illo-2.jpg,https://www.akc.org/wp-content/uploads/2017/11/Boerboel-standing-in-a-field.jpg
Fox Terriers (Smooth),116,124,122,124,122,123,124,124,https://www.akc.org/dog-breeds/smooth-fox-terrier/,https://www.akc.org/wp-content/uploads/2017/11/Smooth-Fox-Terrier-Illo.jpg,https://www.akc.org/wp-content/uploads/2017/11/Smooth-Fox-Terrier-standing-in-a-field-in-winter.jpg
Bearded Collies,112,121,119,126,125,127,138,125,https://www.akc.org/dog-breeds/bearded-collie/,https://www.akc.org/wp-content/uploads/2017/11/Bearded-Collie-Illo-2.jpg,https://www.akc.org/wp-content/uploads/2017/11/Bearded-Collies-sitting-outdoors.jpg
Black Russian Terriers,118,127,116,119,116,118,116,126,https://www.akc.org/dog-breeds/black-russian-terrier/,https://www.akc.org/wp-content/uploads/2017/11/Black-Russian-Terrier-Illo-3.jpg,https://www.akc.org/wp-content/uploads/2017/11/Black-Russian-Terrier-standing-outdoors.jpg
Black and Tan Coonhounds,113,126,127,128,130,138,143,127,https://www.akc.org/dog-breeds/black-and-tan-coonhound/,https://www.akc.org/wp-content/uploads/2017/11/Black-And-Tan-Coonhound-Illo.jpg,https://www.akc.org/wp-content/uploads/2017/11/AKC-121716-266.jpg
Spaniels (Welsh Springer),124,133,128,123,133,128,132,128,https://www.akc.org/dog-breeds/welsh-springer-spaniel/,https://www.akc.org/wp-content/uploads/2017/11/Welsh-Springer-Spaniel-Illo-2.jpg,https://www.akc.org/wp-content/uploads/2017/11/Welsh-Springer-Spaniels-laying-side-by-side-in-the-grass.jpg
American Hairless Terriers,NA,NA,NA,NA,NA,NA,NA,129,https://www.akc.org/dog-breeds/american-hairless-terrier/,https://www.akc.org/wp-content/uploads/2017/11/American-Hairless-Terrier-illustration.jpg,https://www.akc.org/wp-content/uploads/2017/11/American-Hairless-Terrier-standing-in-the-grass-on-lead.jpg
Norfolk Terriers,129,131,131,134,128,126,133,130,https://www.akc.org/dog-breeds/norfolk-terrier/,https://www.akc.org/wp-content/uploads/2017/11/Norfolk-Terrier-Illo-2.jpg,https://www.akc.org/wp-content/uploads/2017/11/Norfolk-Terriers-running-together.jpg
Xoloitzcuintli,139,142,135,139,143,140,139,131,https://www.akc.org/dog-breeds/xoloitzcuintli/,https://www.akc.org/wp-content/uploads/2017/11/Xoloitzcuintli-Illo.jpg,https://www.akc.org/wp-content/uploads/2017/11/Xoloitzcuintli-on-White-06.jpg
Manchester Terriers,120,136,137,133,135,133,142,132,https://www.akc.org/dog-breeds/manchester-terrier-standard/,https://www.akc.org/wp-content/uploads/2017/11/Standard-Manchester-Terrier-illustration.jpg,https://www.akc.org/wp-content/uploads/2017/11/Manchester-Terrier-Standard-on-White-08.jpg
Kerry Blue Terriers,126,128,124,127,129,129,135,133,https://www.akc.org/dog-breeds/kerry-blue-terrier/,https://www.akc.org/wp-content/uploads/2017/11/Kerry-Blue-Terrier-Illo-2.jpg,https://www.akc.org/wp-content/uploads/2017/11/Kerry-Blue-Terrier-standing-stacked-outdoors.jpg
Australian Terriers,122,139,125,136,137,139,144,134,https://www.akc.org/dog-breeds/australian-terrier/,https://www.akc.org/wp-content/uploads/2017/11/Australian-Terrier-Illo-2.jpg,https://www.akc.org/wp-content/uploads/2017/11/Australian-Terrier-standing-in-the-garden.jpg
Spaniels (Clumber),131,143,134,144,140,143,136,135,https://www.akc.org/dog-breeds/clumber-spaniel/,https://www.akc.org/wp-content/uploads/2017/11/Clumber-Spaniel-Illo-2.jpg,https://www.akc.org/wp-content/uploads/2017/11/Clumber-Spaniel-On-White-011.jpg
Lakeland Terriers,134,149,141,145,138,147,150,136,https://www.akc.org/dog-breeds/lakeland-terrier/,https://www.akc.org/wp-content/uploads/2017/11/Lakeland-Terrier-Illo-2.jpg,https://www.akc.org/wp-content/uploads/2017/11/Lakeland-Terrier-standing-stacked-outdoors.jpg
Bluetick Coonhounds,128,130,123,121,132,130,140,137,https://www.akc.org/dog-breeds/bluetick-coonhound/,https://www.akc.org/wp-content/uploads/2017/11/Bluetick-Coonhound-Illo-2.jpg,https://www.akc.org/wp-content/uploads/2017/11/Bluetick-Coonhound-standing-in-the-grass.jpg
English Toy Spaniels,135,138,129,130,134,135,141,138,https://www.akc.org/dog-breeds/english-toy-spaniel/,https://www.akc.org/wp-content/uploads/2017/11/English-Toy-Spaniel-Illo-2.jpg,https://www.akc.org/wp-content/uploads/2017/11/English-Toy-Spaniel-standing-in-profile-on-the-beach.jpg
German Pinschers,130,141,138,146,136,134,125,139,https://www.akc.org/dog-breeds/german-pinscher/,https://www.akc.org/wp-content/uploads/2017/11/German-Pinscher-Illo-2.jpg,https://www.akc.org/wp-content/uploads/2017/11/German-Pinscher-standing-near-a-lake.jpg
Tibetan Mastiffs,132,135,133,135,153,131,130,140,https://www.akc.org/dog-breeds/tibetan-mastiff/,https://www.akc.org/wp-content/uploads/2017/11/Tibetan-Mastiff-Illo.jpg,https://www.akc.org/wp-content/uploads/2017/11/Tibetan-Mastiff-laying-down-outdoors.jpg
Bedlington Terriers,137,140,146,138,151,141,153,141,https://www.akc.org/dog-breeds/bedlington-terrier/,https://www.akc.org/wp-content/uploads/2017/11/Bedlington-Terrier-Illo-2.jpg,https://www.akc.org/wp-content/uploads/2017/11/Bedlington-Terrier-standing-outdoors.jpg
Greyhounds,148,147,147,151,156,145,164,142,https://www.akc.org/dog-breeds/greyhound/,https://www.akc.org/wp-content/uploads/2017/11/Greyhound-Illo-2.jpg,https://www.akc.org/wp-content/uploads/2017/11/Greyhound-running.jpg
Pulik,136,151,154,159,142,160,NA,143,https://www.akc.org/dog-breeds/puli/,https://www.akc.org/wp-content/uploads/2017/11/Puli-Illo-2.jpg,https://www.akc.org/wp-content/uploads/2017/11/Puli-coming-out-of-an-open-tunnel-in-agility-outdoors.jpg
Salukis,115,134,132,125,123,120,127,144,https://www.akc.org/dog-breeds/saluki/,https://www.akc.org/wp-content/uploads/2017/11/Saluki-Illo-2.jpg,https://www.akc.org/wp-content/uploads/2017/11/Saluki.jpg
Barbets,NA,NA,NA,NA,NA,NA,NA,145,https://www.akc.org/dog-breeds/barbet/,https://www.akc.org/wp-content/uploads/2017/11/Barbet-illustration.jpg,https://www.akc.org/wp-content/uploads/2017/11/Barbet.jpg
Redbone Coonhounds,133,148,139,143,139,142,145,146,https://www.akc.org/dog-breeds/redbone-coonhound/,https://www.akc.org/wp-content/uploads/2017/11/Redbone-Coonhound-Illo-2.jpg,https://www.akc.org/wp-content/uploads/2017/11/Redbone-Coonhound.jpg
Swedish Vallhunds,147,158,155,163,149,169,161,147,https://www.akc.org/dog-breeds/swedish-vallhund/,https://www.akc.org/wp-content/uploads/2017/11/Swedish-Vallhund-Illo.jpg,https://www.akc.org/wp-content/uploads/2017/11/Swedish-Vallhund-running-in-the-grass.jpg
Sealyham Terriers,158,169,158,155,150,164,156,148,https://www.akc.org/dog-breeds/sealyham-terrier/,https://www.akc.org/wp-content/uploads/2017/11/Sealyham-Terrier-Illo-3.jpg,https://www.akc.org/wp-content/uploads/2017/11/Sealyham-Terrier-standing-stacked-outdoors.jpg
Spanish Water Dogs,NA,NA,NA,NA,NA,NA,NA,149,https://www.akc.org/dog-breeds/spanish-water-dog/,https://www.akc.org/wp-content/uploads/2017/11/Spanish-Water-Dog-Illo-2.jpg,https://www.akc.org/wp-content/uploads/2017/11/Spanish-Water-Dog-running-on-the-beach.jpg
Briards,127,132,130,132,127,132,137,150,https://www.akc.org/dog-breeds/briard/,https://www.akc.org/wp-content/uploads/2017/11/Briard-Illo-2.jpg,https://www.akc.org/wp-content/uploads/2017/11/Briards-standing-side-by-side-on-a-white-background.jpg
Berger Picards,NA,NA,NA,NA,NA,NA,NA,151,https://www.akc.org/dog-breeds/berger-picard/,https://www.akc.org/wp-content/uploads/2017/11/Berger-Picard-illustration.jpg,https://www.akc.org/wp-content/uploads/2017/11/Two-Berger-Picards-sitting-in-a-field.jpg
Entlebucher Mountain Dogs,155,153,159,161,152,157,169,152,https://www.akc.org/dog-breeds/entlebucher-mountain-dog/,https://www.akc.org/wp-content/uploads/2017/11/Entlebucher-Mountain-Dog-illustration.jpg,https://www.akc.org/wp-content/uploads/2017/11/Entlebucher-Mountain-Dog-Slide-05.jpg
Treeing Walker Coonhounds,101,112,117,137,131,137,131,153,https://www.akc.org/dog-breeds/treeing-walker-coonhound/,https://www.akc.org/wp-content/uploads/2017/11/Treeing-Walker-Coonhound-Illo.jpg,https://www.akc.org/wp-content/uploads/2017/11/Treeing-Walker-Coonhound.jpg
Icelandic Sheepdogs,142,146,140,153,144,155,134,154,https://www.akc.org/dog-breeds/icelandic-sheepdog/,https://www.akc.org/wp-content/uploads/2017/11/Icelandic-Sheepdog-Illo-2.jpg,https://www.akc.org/wp-content/uploads/2017/11/Icelandic-Sitting.jpg
Wirehaired Vizslas,NA,NA,NA,NA,NA,NA,NA,155,https://www.akc.org/dog-breeds/wirehaired-vizsla/,https://www.akc.org/wp-content/uploads/2017/11/Wirehaired-Vizsla-Illo-2.jpg,https://www.akc.org/wp-content/uploads/2017/11/Wirehaired-Vizsla-standing-in-a-field.jpg
Pumik,NA,NA,NA,NA,NA,NA,NA,156,https://www.akc.org/dog-breeds/pumi/,https://www.akc.org/wp-content/uploads/2017/11/Pumi-Illo-2.jpg,https://www.akc.org/wp-content/uploads/2017/11/Pumik-sitting-together-outdoors-in-the-winter.jpg
Portuguese Podengo Pequenos,153,166,153,160,159,154,149,157,https://www.akc.org/dog-breeds/portuguese-podengo/,https://www.akc.org/wp-content/uploads/2017/11/Pumi-Illo-2.jpg,https://www.akc.org/wp-content/uploads/2017/11/Portuguese-Podengo-Pequeno-slide-2.jpg
Spaniels (American Water),144,160,157,156,167,166,166,158,https://www.akc.org/dog-breeds/american-water-spaniel/,https://www.akc.org/wp-content/uploads/2017/11/American-Water-Spaniel-Illo-2.jpg,https://www.akc.org/wp-content/uploads/2017/11/American-Water-Spaniel-laying-down-outdoors.jpg
Retrievers (Curly-Coated),163,163,151,164,171,162,165,159,https://www.akc.org/dog-breeds/curly-coated-retriever/,https://www.akc.org/wp-content/uploads/2017/11/Curly-Coated-Retriever-illustration.jpg,https://www.akc.org/wp-content/uploads/2017/11/Curly-Coated-Retriever-standing-stacked-in-a-field-at-sunset.20200418030641387.jpg
Spaniels (Field),140,137,145,147,145,149,155,160,https://www.akc.org/dog-breeds/field-spaniel/,https://www.akc.org/wp-content/uploads/2017/11/Field-Spaniel-Illo-2.jpg,https://www.akc.org/wp-content/uploads/2017/11/Field-Spaniels-of-different-colors-sitting-together-outdoors.jpg
Lowchen,154,165,161,171,169,168,160,161,https://www.akc.org/dog-breeds/lowchen/,https://www.akc.org/wp-content/uploads/2017/11/Lowchen-Illo.jpg,https://www.akc.org/wp-content/uploads/2017/11/Lowchen-at-the-AKC-National-Championship-presented-by-Royal-Canin.jpg
Nederlandse Kooikerhondjes,NA,NA,NA,NA,NA,NA,NA,162,https://www.akc.org/dog-breeds/nederlandse-kooikerhondje/,https://www.akc.org/wp-content/uploads/2017/11/nederlandse_kooikerhondje_illustration.jpg,https://www.akc.org/wp-content/uploads/2017/11/Kooikerhondje.1.jpg
Affenpinschers,143,144,136,149,147,148,152,163,https://www.akc.org/dog-breeds/affenpinscher/,https://www.akc.org/wp-content/uploads/2017/11/Affenpinscher-illustration.jpg,https://www.akc.org/wp-content/uploads/2017/11/Affenpinscher-running-outdoors.jpg
Petits Bassets Griffons Vendeens,138,150,143,148,160,156,154,164,https://www.akc.org/dog-breeds/petit-basset-griffon-vendeen/,https://www.akc.org/wp-content/uploads/2017/11/Petit-Basset-Griffon-Vendee-Illo.jpg,https://www.akc.org/wp-content/uploads/2017/11/Petit-Basset-Griffon-Vendeen-standing.jpg
Finnish Lapphunds,171,173,169,173,173,161,167,165,https://www.akc.org/dog-breeds/finnish-lapphund/,https://www.akc.org/wp-content/uploads/2017/11/Finnish-Lapphund-Illo-2.jpg,https://www.akc.org/wp-content/uploads/2017/11/Finnish-Lapphund-standing-in-a-field.jpg
Scottish Deerhounds,165,157,152,154,168,158,151,166,https://www.akc.org/dog-breeds/scottish-deerhound/,https://www.akc.org/wp-content/uploads/2017/11/Scottish-Deerhound-Illo-2.jpg,https://www.akc.org/wp-content/uploads/2017/11/Scottish-Deerhound-standing-in-the-woods.jpg
Plott Hounds,NA,NA,NA,NA,NA,NA,NA,167,https://www.akc.org/dog-breeds/plott-hound/,https://www.akc.org/wp-content/uploads/2017/11/Plott-Illo-2.jpg,https://www.akc.org/wp-content/uploads/2017/11/Plott-On-White-04.jpg
Norwegian Buhunds,166,172,165,174,170,165,171,168,https://www.akc.org/dog-breeds/norwegian-buhund/,https://www.akc.org/wp-content/uploads/2017/11/Norwegian-Buhund-Illo-2.jpg,https://www.akc.org/wp-content/uploads/2017/11/Norwegian-Buhund1.jpg
Glen of Imaal Terriers,167,162,168,180,158,174,170,169,https://www.akc.org/dog-breeds/glen-of-imaal-terrier/,https://www.akc.org/wp-content/uploads/2017/11/Glen-of-Imaal-Terrier-Illo-2.jpg,https://www.akc.org/wp-content/uploads/2017/11/Glen-of-Imaal-Terrier-together-outdoors.jpg
Setters (Irish Red and White),145,155,148,142,154,146,157,170,https://www.akc.org/dog-breeds/irish-red-and-white-setter/,https://www.akc.org/wp-content/uploads/2017/11/Irish-Red-and-White-Setter-Illo-2.jpg,https://www.akc.org/wp-content/uploads/2017/11/Irish-Red-and-White-Setter-standing-on-the-bank-in-fall.jpg
Ibizan Hounds,151,159,160,152,165,152,173,171,https://www.akc.org/dog-breeds/ibizan-hound/,https://www.akc.org/wp-content/uploads/2017/11/Ibizan-Hound-Illo-2.jpg,https://www.akc.org/wp-content/uploads/2017/11/Ibizan-Hounds-together-on-a-trail-in-the-forest.jpg
Spaniels (Sussex),162,175,173,172,161,180,178,172,https://www.akc.org/dog-breeds/sussex-spaniel/,https://www.akc.org/wp-content/uploads/2017/11/Sussex-Spaniel-Illo-2.jpg,https://www.akc.org/wp-content/uploads/2017/11/Sussex-Spaniel-On-White-01.jpg
Bergamasco Sheepdogs,NA,NA,NA,NA,NA,NA,NA,173,https://www.akc.org/dog-breeds/bergamasco-sheepdog/,https://www.akc.org/wp-content/uploads/2017/11/Bergamasco-Illo.jpg,https://www.akc.org/wp-content/uploads/2017/11/Bergamasco-Sheepdog-standing-in-a-pasture.jpg
Spaniels (Irish Water),141,152,144,150,164,159,172,174,https://www.akc.org/dog-breeds/irish-water-spaniel/,https://www.akc.org/wp-content/uploads/2017/11/Irish-Water-Spaniel-illustration.jpg,https://www.akc.org/wp-content/uploads/2017/11/Irish-Water-Spaniel-On-White-01.jpg
Polish Lowland Sheepdogs,157,170,164,169,176,170,175,175,https://www.akc.org/dog-breeds/polish-lowland-sheepdog/,https://www.akc.org/wp-content/uploads/2017/11/Polish-Lowland-Sheepdog-Illo-2.jpg,https://www.akc.org/wp-content/uploads/2017/11/Polish-Lowland-Sheepdog-On-White-02.jpg
Otterhounds,172,179,180,166,186,182,174,176,https://www.akc.org/dog-breeds/otterhound/,https://www.akc.org/wp-content/uploads/2017/11/Otterhound-Illo-2.jpg,https://www.akc.org/wp-content/uploads/2017/11/Otterhound-running-outdoors.jpg
Kuvaszok,150,161,150,165,157,163,168,177,https://www.akc.org/dog-breeds/kuvasz/,https://www.akc.org/wp-content/uploads/2017/11/Kuvasz-Illo-2.jpg,https://www.akc.org/wp-content/uploads/2017/11/Kuvasz-standing-outdoors.jpg
Komondorok,159,168,163,177,163,173,183,178,https://www.akc.org/dog-breeds/komondor/,https://www.akc.org/wp-content/uploads/2017/11/Komondor-Illo-2.jpg,https://www.akc.org/wp-content/uploads/2017/11/Komondor-standing-in-the-park.jpg
Cirnechi dell Etna,NA,NA,NA,NA,NA,NA,NA,179,https://www.akc.org/dog-breeds/cirneco-delletna/,https://www.akc.org/wp-content/uploads/2017/11/Cirneco-Dell-Etna-Illo.jpg,https://www.akc.org/wp-content/uploads/2017/11/Cirneco-dellEtna-hunting-outdoors.jpg
Pharaoh Hounds,160,164,171,168,174,172,163,180,https://www.akc.org/dog-breeds/pharaoh-hound/,https://www.akc.org/wp-content/uploads/2017/11/Pharaoh-Hound-Illo-2.jpg,https://www.akc.org/wp-content/uploads/2017/11/Pharaoh-Hounds-together-outdoors.jpg
Dandie Dinmont Terriers,168,167,172,167,182,176,176,181,https://www.akc.org/dog-breeds/dandie-dinmont-terrier/,https://www.akc.org/wp-content/uploads/2017/11/Dandie-Dinmont-Terrier-Illo-2.jpg,https://www.akc.org/wp-content/uploads/2017/11/Dandie-Dinmont-Terrier-slide-6.jpg
Pyrenean Shepherds,169,178,176,176,180,181,184,182,https://www.akc.org/dog-breeds/pyrenean-shepherd/,https://www.akc.org/wp-content/uploads/2017/11/Pyrenean-Shepherd-Illo-2.jpg,https://www.akc.org/wp-content/uploads/2017/11/Pyrenean-Shepherd-standing-in-profile-in-a-field.jpg
Skye Terriers,161,177,175,178,172,178,189,183,https://www.akc.org/dog-breeds/skye-terrier/,https://www.akc.org/wp-content/uploads/2017/11/Skye-Terrier-Illo.jpg,https://www.akc.org/wp-content/uploads/2017/11/Skye-Terrier-sitting-in-a-field.jpg
Canaan Dogs,164,176,170,181,175,179,181,184,https://www.akc.org/dog-breeds/canaan-dog/,https://www.akc.org/wp-content/uploads/2017/11/Caanan-Dog-Illo.jpg,https://www.akc.org/wp-content/uploads/2017/11/Canaan-Dog-On-White-01.jpg
American English Coonhounds,146,156,166,170,178,175,177,185,https://www.akc.org/dog-breeds/american-english-coonhound/,https://s3.amazonaws.com/cdn-origin-etr.akc.org/wp-content/uploads/2017/11/12133614/American-English-Coonhound-illustration.jpg,https://www.akc.org/wp-content/uploads/2017/11/American-English-Coonhound-standing-in-profile-on-a-white-background.jpg
Chinooks,156,171,177,175,179,190,186,186,https://www.akc.org/dog-breeds/chinook/,https://www.akc.org/wp-content/uploads/2017/11/Chinook.21.jpg,https://www.akc.org/wp-content/uploads/2017/11/six-dog-Chinook-team-cropped-2.jpg
Finnish Spitz,170,174,178,179,177,184,185,187,https://www.akc.org/dog-breeds/finnish-spitz/,https://www.akc.org/wp-content/uploads/2017/11/Finnish-Spitz-Illo-2.jpg,https://www.akc.org/wp-content/uploads/2020/05/Finnish-Spitz-standing-on-a-log-in-the-forest.jpg
Grand Basset Griffon Vendeens,NA,NA,NA,NA,NA,NA,NA,188,https://www.akc.org/dog-breeds/grand-basset-griffon-vendeen/,https://www.akc.org/wp-content/uploads/2017/11/GBGV-illustration.jpg,https://www.akc.org/wp-content/uploads/2017/11/Grand-Basset-Griffon-Vendeen-on-White-01.jpg
Sloughis,NA,NA,NA,NA,NA,NA,NA,189,https://www.akc.org/dog-breeds/sloughi/,https://www.akc.org/wp-content/uploads/2017/11/Sloughi-Illo.jpg,https://www.akc.org/wp-content/uploads/2017/11/Sloughi-in-the-desert.jpg
Harriers,173,181,183,186,183,189,188,190,https://www.akc.org/dog-breeds/harrier/,https://www.akc.org/wp-content/uploads/2017/11/Harrier-Illo-2.jpg,https://www.akc.org/wp-content/uploads/2016/09/Harrier-Pack.jpg
Cesky Terriers,174,182,179,182,185,185,190,191,https://www.akc.org/dog-breeds/cesky-terrier/,https://www.akc.org/wp-content/uploads/2017/11/Cesky-Terrier-Illo-2.jpg,https://www.akc.org/wp-content/uploads/2017/11/Cesky-Terrier-on-White-031.jpg
American Foxhounds,176,180,181,189,187,186,191,192,https://www.akc.org/dog-breeds/american-foxhound/,https://www.akc.org/wp-content/uploads/2017/11/American-Foxhound-Illo-2.jpg,https://www.akc.org/wp-content/uploads/2018/06/american-foxhound-pair-looking-up.jpg
Azawakhs,NA,NA,NA,NA,NA,NA,NA,193,https://www.akc.org/dog-breeds/azawakh/,https://www.akc.org/wp-content/uploads/2017/11/Azawakh_illustration.bw_.1.jpg,https://www.akc.org/wp-content/uploads/2017/11/Azawakh_178091272.jpg
English Foxhounds,177,183,184,187,189,188,195,194,https://www.akc.org/dog-breeds/english-foxhound/,https://www.akc.org/wp-content/uploads/2017/11/English-Foxhound-Illo-2.jpg,https://www.akc.org/wp-content/uploads/2017/11/English-Foxhound-standing-in-a-field.jpg
Norwegian Lundehunds,175,184,182,188,190,191,194,195,https://www.akc.org/dog-breeds/norwegian-lundehund/,https://www.akc.org/wp-content/uploads/2017/11/Norwegian-Lundehund-Illo-2.jpg,https://www.akc.org/wp-content/uploads/2017/11/Norwegian-Lundehund-standing-in-the-grass.jpg
